Emp ID,First Name,Last Name,DOB,SSN,State
214,Sarah,Simpson,12/4/1985,***-**-8166,FL
15,Samantha,Lara,12/4/1985,***-**-7526,CO
411,Stacy,Charles,9/8/1993,***-**-8526,PA
166,Michelle,Roy,9/8/1993,***-**-3944,MI
39,Joseph,Rogers,12/20/1957,***-**-3515,MN
423,Erica,Hines,12/20/1957,***-**-6153,NY
192,Zoe,Patel,7/29/1978,***-**-0817,WI
162,Matthew,Harvey,7/29/1978,***-**-0346,TN
131,Shawn,Davis,3/28/1985,***-**-1581,WV
20,April,Baldwin,3/28/1985,***-**-2014,MO
246,Vincent,Daniels,10/13/1975,***-**-2754,MT
525,Ann,Fields,10/13/1975,***-**-7911,IA
392,Jeffrey,Pearson,12/20/1967,***-**-2578,IL
474,Heather,Johnson,12/20/1967,***-**-0904,GA
478,Melissa,Fletcher,1/20/1990,***-**-6881,RI
101,Kimberly,Alvarez,1/20/1990,***-**-8680,LA
52,Monica,Jimenez,7/21/1961,***-**-1668,ND
182,Steven,Johnson,7/21/1961,***-**-7070,NE
637,Sarah,Wood,8/7/1961,***-**-6715,FL
510,Jesus,Petersen,8/7/1961,***-**-0770,OK
122,Rhonda,Rosales,1/6/1972,***-**-0286,AL
294,Nicole,Richardson,1/6/1972,***-**-5228,LA
327,Jennifer,Mendez,8/22/1960,***-**-1994,OR
145,Sandra,Petty,8/22/1960,***-**-7629,NC
565,Michael,Hester,5/5/1979,***-**-6836,SD
590,Joseph,Brown,5/5/1979,***-**-4744,NH
340,Michelle,Cooper,9/23/1989,***-**-2306,WA
176,Barbara,Wise,9/23/1989,***-**-7662,IN
63,Carol,Rosales,3/14/1979,***-**-4907,NJ
121,Mark,Villa,3/14/1979,***-**-2207,MS
70,Russell,Orozco,9/4/1984,***-**-5514,MS
446,Michelle,Sanchez,9/4/1984,***-**-5222,OK
156,Briana,Ayala,4/8/1988,***-**-4542,CT
343,Shane,Roberts,4/8/1988,***-**-6030,HI
599,Cassandra,Morris,5/28/1962,***-**-3831,MT
102,Krista,Thompson,5/28/1962,***-**-7445,KY
377,Jon,Bennett,6/15/1972,***-**-1689,NM
240,April,Thomas,6/15/1972,***-**-3580,CO
455,Haley,Martinez,3/28/1958,***-**-3736,ID
503,Isaac,Stafford,3/28/1958,***-**-5036,SD
269,John,Martinez,4/10/1963,***-**-3936,NH
219,John,Phillips,4/10/1963,***-**-4070,WV
301,Gary,Shelton,9/9/1981,***-**-9672,SD
84,Amanda,Gordon,9/9/1981,***-**-2966,ME
588,Jessica,Holt,7/20/1977,***-**-6084,NE
540,Stephanie,Estes,7/20/1977,***-**-9779,SD
329,Jessica,Brown,1/30/1981,***-**-7328,MS
74,Donna,Manning,1/30/1981,***-**-7781,NM
29,Nicholas,Owens,4/13/1987,***-**-7882,VA
92,Wendy,Ryan,4/13/1987,***-**-0741,AZ
489,Kimberly,Hooper,8/28/1982,***-**-3136,GA
561,Deborah,Gonzalez,8/28/1982,***-**-0643,MT
44,Laura,Yoder,8/23/1993,***-**-3016,IN
138,Kimberly,Velez,8/23/1993,***-**-0707,AZ
623,Kevin,Garcia,12/15/1991,***-**-4337,OK
173,Marcia,Jones,12/15/1991,***-**-0963,ND
148,Nicole,Baldwin,7/20/1984,***-**-5508,NV
184,Katherine,Juarez,7/20/1984,***-**-8687,CA
228,Paula,Thompson,2/24/1969,***-**-7734,NC
117,Joan,Hoover,2/24/1969,***-**-5429,NM
544,Stephen,Simon,9/16/1973,***-**-1621,NV
116,Rebecca,Taylor,9/16/1973,***-**-9126,MN
622,Lindsay,Owens,8/21/1994,***-**-6742,DE
376,Justin,Payne,8/21/1994,***-**-7892,AK
100,Michelle,Thornton,10/31/1965,***-**-4112,GA
222,Timothy,Hill,10/31/1965,***-**-4460,SC
506,Karen,Johnson,12/14/1958,***-**-5174,OH
59,Alexis,Mcintosh,12/14/1958,***-**-9185,KY
456,Susan,Fitzgerald,1/24/1973,***-**-3222,AL
389,Amber,Stewart,1/24/1973,***-**-3120,OH
236,Taylor,Evans,7/25/1984,***-**-2641,NJ
78,Tracy,Knight,7/25/1984,***-**-8339,ID
253,Jason,Parks,9/13/1957,***-**-2601,AZ
67,Jonathan,Carroll,9/13/1957,***-**-7126,SC
642,Sara,Wallace,12/3/1993,***-**-6918,MS
279,Jeffrey,Mitchell,12/3/1993,***-**-4559,UT
41,April,West,1/15/1968,***-**-9544,DE
30,Ryan,Reynolds,1/15/1968,***-**-2883,IN
462,Rachel,Bell,11/25/1989,***-**-1379,AL
87,Amber,Williamson,11/25/1989,***-**-4567,LA
26,Tony,Park,1/6/1987,***-**-7749,UT
553,Robert,Jefferson,1/6/1987,***-**-6302,OH
151,Sarah,Hernandez,12/8/1982,***-**-5549,WY
523,Margaret,Foley,12/8/1982,***-**-4633,CA
434,Tina,Christensen,9/11/1978,***-**-0333,TN
1,Isaac,Gomez,9/11/1978,***-**-4728,WY
365,Phillip,Davis,10/12/1969,***-**-5132,VT
230,Brian,Douglas,10/12/1969,***-**-9324,NV
357,Teresa,Wilson,9/12/1963,***-**-9378,IN
142,Timothy,Wilson,9/12/1963,***-**-1270,WV
606,Lori,Davies,7/15/1966,***-**-9489,AK
129,Brittany,Stone,7/15/1966,***-**-0950,CO
34,Matthew,Rogers,2/1/1992,***-**-2560,CA
190,Francisco,Gardner,2/1/1992,***-**-0367,WI
259,Ashley,Patrick,5/19/1973,***-**-7953,OR
471,Brandi,Frey,5/19/1973,***-**-2997,MD
362,Garrett,Kelley,8/20/1991,***-**-1192,PA
620,Robert,Barron,8/20/1991,***-**-0735,NE
299,Lee,Serrano,5/13/1960,***-**-0867,WV
213,Jessica,Vance,5/13/1960,***-**-9076,DE
427,Russell,Ashley,9/8/1971,***-**-2395,OH
105,Catherine,Richardson,9/8/1971,***-**-2969,WY
260,Sheri,Hamilton,5/28/1975,***-**-9319,NH
547,Craig,Strickland,5/28/1975,***-**-3498,ND
28,Brandon,Hall,4/18/1987,***-**-6416,AK
486,Karla,Adams,4/18/1987,***-**-7524,VT
300,Ernest,Washington,3/7/1958,***-**-9800,FL
501,John,Owens,3/7/1958,***-**-7554,MT
584,Roberto,Farmer,5/15/1973,***-**-3936,LA
453,Tom,Bailey,5/15/1973,***-**-1663,IA
16,Jennifer,White,11/20/1972,***-**-1698,MI
185,Courtney,Mendez,11/20/1972,***-**-8268,NE
223,Jasmine,Miller,8/11/1978,***-**-2427,MD
290,Amy,Bryan,8/11/1978,***-**-2636,CA
71,Melvin,Pruitt,2/13/1986,***-**-4970,AK
73,Amanda,Carrillo,2/13/1986,***-**-8942,MS
549,Anthony,Nguyen,9/22/1985,***-**-6484,ND
359,Kaitlyn,Charles,9/22/1985,***-**-7712,NH
631,Rebecca,Pollard,2/27/1973,***-**-9010,FL
585,James,Jackson,2/27/1973,***-**-8491,ME
641,Gina,Jones,11/28/1962,***-**-3596,HI
564,Tyler,Woodward,11/28/1962,***-**-7298,KS
149,Hannah,Schultz,9/30/1962,***-**-7228,NY
430,Anthony,Sims,9/30/1962,***-**-1311,CT
587,Jessica,Wallace,4/28/1973,***-**-7152,WI
420,Jonathan,Pearson,4/28/1973,***-**-7840,VT
625,Richard,Hunt,7/3/1983,***-**-9513,IN
319,Madison,Ballard,7/3/1983,***-**-3750,DE
18,Kathryn,Blair,1/25/1961,***-**-8028,GA
535,Kristina,Patterson,1/25/1961,***-**-5885,CT
417,Kathryn,Bryant,8/11/1985,***-**-8017,CO
391,Jerry,Ayala,8/11/1985,***-**-9737,WA
274,Karen,Rodriguez,1/5/1976,***-**-3813,CT
270,Daniel,Jacobs,1/5/1976,***-**-6724,TX
537,Stephanie,Campbell,3/1/1962,***-**-3547,TN
341,Michael,Pacheco,3/1/1962,***-**-6378,LA
402,Steven,Garcia,9/18/1961,***-**-9437,MT
476,Brenda,Hall,9/18/1961,***-**-7869,TX
367,Rhonda,Smith,8/26/1958,***-**-5595,ME
407,Tracy,Francis,8/26/1958,***-**-8950,VT
280,Dawn,Fernandez,7/17/1983,***-**-9216,NE
524,Matthew,Wells,7/17/1983,***-**-2780,FL
57,Joel,Walker,9/27/1993,***-**-6637,FL
312,Paula,Shea,9/27/1993,***-**-1746,OH
649,Paul,Bell,2/27/1981,***-**-7411,WI
488,Frederick,Roberson,2/27/1981,***-**-0114,MI
139,Melissa,Armstrong,6/15/1973,***-**-9454,OR
412,Jennifer,Alexander,6/15/1973,***-**-9026,AK
5,Cassandra,Perez,6/21/1959,***-**-1151,IL
153,Anthony,Austin,6/21/1959,***-**-9162,WI
321,Cynthia,Jones,5/23/1969,***-**-3428,RI
541,Oscar,Bernard,5/23/1969,***-**-5243,IL
406,Amanda,Hendrix,3/11/1986,***-**-7721,AR
204,Vincent,Henry,3/11/1986,***-**-5624,UT
567,Lauren,Bush,2/5/1973,***-**-3299,GA
187,Stacey,Bates,2/5/1973,***-**-1470,CA
460,Amanda,Khan,7/24/1989,***-**-9388,NE
212,Amanda,Sutton,7/24/1989,***-**-2368,AR
617,Joshua,Li,6/20/1984,***-**-6050,ID
353,Becky,Kennedy,6/20/1984,***-**-4807,MI
383,Laura,Espinoza,10/8/1968,***-**-5712,FL
91,Joshua,Murphy,10/8/1968,***-**-7318,WI
429,Randall,Bowen,10/4/1981,***-**-0666,TX
40,Michelle,Pham,10/4/1981,***-**-2595,SC
298,Emily,Thomas,7/5/1987,***-**-6906,RI
400,Jessica,Kelley,7/5/1987,***-**-4271,KY
480,Jeffrey,Brown,12/19/1968,***-**-7392,WA
375,Jennifer,Keith,12/19/1968,***-**-2614,AR
626,Joshua,Romero,3/1/1988,***-**-4169,NM
97,Frank,Walker,3/1/1988,***-**-5611,AZ
291,Cody,Lindsey,10/16/1987,***-**-8099,AL
614,Cody,Baker,10/16/1987,***-**-5896,VT
552,Jaclyn,Wall,4/24/1961,***-**-5336,SD
338,Kaitlyn,Roy,4/24/1961,***-**-0939,MN
513,Allison,Lee,9/18/1979,***-**-8932,UT
231,Heather,Patterson,9/18/1979,***-**-2886,WV
443,Carrie,Thomas,8/12/1994,***-**-8236,MA
140,David,Gutierrez,8/12/1994,***-**-9234,NE
96,Harold,Robinson,11/21/1993,***-**-7098,NM
531,Alex,Graham,11/21/1993,***-**-6911,KY
403,Steven,Thompson,8/21/1980,***-**-0637,NJ
580,Barbara,Martin,8/21/1980,***-**-5120,NE
113,Theresa,Cochran,11/21/1985,***-**-2404,IA
289,Michael,Madden,11/21/1985,***-**-2946,CO
247,Brian,Chase,3/9/1974,***-**-3628,AZ
472,Carolyn,Rodriguez,3/9/1974,***-**-2185,RI
582,Breanna,Williams,8/18/1972,***-**-8593,NC
265,Anne,Cook,8/18/1972,***-**-8560,NY
281,Tara,Bowers,12/6/1979,***-**-7048,NY
330,Joyce,Hall,12/6/1979,***-**-4819,VA
372,Sydney,George,7/23/1979,***-**-8264,FL
628,Lindsay,Williams,7/23/1979,***-**-4792,NV
445,Darrell,Thomas,12/20/1974,***-**-2653,UT
316,Thomas,Knight,12/20/1974,***-**-2441,NJ
499,Carolyn,Diaz,4/19/1985,***-**-2117,DE
528,Karen,Ball,4/19/1985,***-**-9411,ND
242,Ronald,Richardson,6/19/1967,***-**-6742,GA
632,Donna,Williams,6/19/1967,***-**-3144,MS
313,Molly,Wright,4/30/1959,***-**-7938,WA
89,Jeffrey,Mcintyre,4/30/1959,***-**-8359,KS
130,Tabitha,Parks,2/15/1973,***-**-8386,IA
3,Melissa,Padilla,2/15/1973,***-**-9382,MT
586,George,Harris,10/3/1989,***-**-2111,AZ
355,Cheryl,Hancock,10/3/1989,***-**-2522,ID
532,Jeffrey,Paul,3/12/1986,***-**-0457,MT
326,Wendy,Jones,3/12/1986,***-**-4078,NY
225,Elizabeth,Johnson,2/27/1968,***-**-8375,AR
191,Charles,Green,2/27/1968,***-**-9288,SC
444,Jeffrey,Cooper,9/30/1969,***-**-7671,MD
490,Judith,Brooks,9/30/1969,***-**-6779,IN
609,Amanda,Ramsey,11/18/1962,***-**-2683,SC
47,Stephen,Oliver,11/18/1962,***-**-5500,CA
508,Nancy,Rodriguez,7/15/1990,***-**-1027,MD
388,Joshua,Powers,7/15/1990,***-**-4897,FL
331,Lisa,Stein,5/15/1989,***-**-2075,CA
264,Jessica,Martin,5/15/1989,***-**-8568,NV
589,George,Hardy,5/4/1968,***-**-4162,NM
278,Jonathan,Carney,5/4/1968,***-**-0506,CO
526,Carol,Robertson,1/24/1980,***-**-6248,IL
205,Susan,Zhang,1/24/1980,***-**-5874,CT
199,Christopher,Cameron,1/17/1966,***-**-1053,NY
550,Paul,Ramsey,1/17/1966,***-**-6565,MD
103,David,Torres,11/25/1961,***-**-5176,MS
465,Barbara,Roberts,11/25/1961,***-**-9440,KS
348,Nicholas,Dunn,5/13/1971,***-**-1196,MD
158,John,Long,5/13/1971,***-**-8394,NE
361,Shelby,Porter,6/24/1969,***-**-7391,ME
610,Judith,Robinson,6/24/1969,***-**-3792,FL
235,Justin,Holt,5/6/1994,***-**-2854,WY
442,Laura,Valdez,5/6/1994,***-**-2068,IL
215,Jesse,Rosales,10/25/1957,***-**-0642,WV
17,Amy,Duran,10/25/1957,***-**-5581,MN
363,Joshua,Williams,3/10/1987,***-**-1375,IN
438,Robert,Davis,3/10/1987,***-**-0776,NE
111,Lisa,Houston,11/23/1965,***-**-5946,OH
396,Timothy,Williams,11/23/1965,***-**-5842,IL
255,Kim,Finley,3/17/1977,***-**-6351,SC
226,Andrew,Lopez,3/17/1977,***-**-7248,TN
652,Veronica,Herrera,9/2/1987,***-**-4723,IA
64,Bob,Murphy,9/2/1987,***-**-8100,SD
415,Timothy,Duncan,2/5/1964,***-**-7493,IN
354,David,Sandoval,2/5/1964,***-**-6963,WV
517,Tony,Graves,5/6/1983,***-**-5360,ID
292,Andrea,Fuller,5/6/1983,***-**-0698,WA
579,William,Carney,12/28/1984,***-**-3440,WY
181,Daniel,Dominguez,12/28/1984,***-**-9595,KY
556,David,Franco,4/20/1976,***-**-2451,NY
351,Justin,Ortiz,4/20/1976,***-**-6761,AK
405,Sara,Jarvis,5/2/1981,***-**-3953,WV
647,Adam,Green,5/2/1981,***-**-5674,TN
646,Debra,Flores,1/3/1980,***-**-7111,KS
79,Jennifer,Adams,1/3/1980,***-**-1210,RI
371,Lori,Sosa,9/17/1987,***-**-7062,MI
542,Cory,Mora,9/17/1987,***-**-0325,NV
261,Denise,Hughes,3/11/1966,***-**-7879,UT
368,Anthony,Jenkins,3/11/1966,***-**-0437,MA
439,Leonard,Soto,8/7/1993,***-**-1991,NE
82,Donald,Todd,8/7/1993,***-**-6930,MI
431,Christopher,Long,3/28/1958,***-**-2737,VT
155,Donald,Pierce,3/28/1958,***-**-1562,NJ
189,Matthew,Sullivan,4/9/1957,***-**-6697,MS
393,Brianna,Stevens,4/9/1957,***-**-4666,MT
451,Jacqueline,Villegas,3/2/1982,***-**-8948,SC
22,Mary,Diaz,3/2/1982,***-**-8701,GA
470,Steven,Taylor,7/30/1994,***-**-1803,NH
384,Edward,Jimenez,7/30/1994,***-**-1355,KY
7,John,Joseph,4/24/1972,***-**-0413,PA
258,Jared,Fletcher,4/24/1972,***-**-9304,VT
568,Kathleen,Hill,8/30/1968,***-**-3356,NH
56,Johnny,Warner,8/30/1968,***-**-4164,NH
621,Frank,Smith,4/29/1977,***-**-1100,IL
49,Stephanie,Thompson,4/29/1977,***-**-6249,RI
397,Angela,Cannon,4/1/1991,***-**-3459,KS
36,Trevor,Robinson,4/1/1991,***-**-3462,WV
33,Gregory,Powers,7/15/1957,***-**-8879,KS
224,Michael,Sparks,7/15/1957,***-**-6809,NC
634,George,Flores,6/27/1969,***-**-0195,IA
144,Michael,Hall,6/27/1969,***-**-0161,AZ
491,Susan,Williamson,1/26/1960,***-**-0355,IN
309,Luis,Norton,1/26/1960,***-**-6955,WI
211,Victoria,Pearson,4/14/1981,***-**-5518,ND
475,Roger,Nichols,4/14/1981,***-**-4515,OR
493,Jenny,Mills,8/29/1958,***-**-1434,WI
128,Joshua,Moore,8/29/1958,***-**-8369,PA
262,James,Carr,9/20/1979,***-**-8546,AL
597,David,Lane,9/20/1979,***-**-4614,MN
325,Beth,Reese,8/15/1978,***-**-1223,PA
573,Lindsay,Thompson,8/15/1978,***-**-1306,KS
55,Amber,Taylor,5/23/1976,***-**-6610,NY
132,Oscar,Yates,5/23/1976,***-**-0620,IL
401,Anthony,Cooper,1/2/1978,***-**-2490,CA
483,Tracie,Harrison,1/2/1978,***-**-7833,DE
424,Corey,Herrera,3/17/1959,***-**-3228,OR
188,Anthony,Kim,3/17/1959,***-**-7043,WY
272,Kendra,Marshall,1/15/1969,***-**-2658,IN
545,Debbie,Chang,1/15/1969,***-**-8022,PA
193,Miranda,Simmons,9/2/1986,***-**-2359,IL
593,Catherine,Murphy,9/2/1986,***-**-6401,RI
463,Nicholas,Shelton,12/17/1965,***-**-0704,GA
334,Laura,Winters,12/17/1965,***-**-4775,GA
596,Jill,Barr,8/11/1976,***-**-7889,MN
373,Lauren,Ritter,8/11/1976,***-**-7600,KS
635,Anthony,Short,4/7/1990,***-**-6004,WY
315,Patrick,Yates,4/7/1990,***-**-4036,NC
120,Brett,Mitchell,11/19/1980,***-**-8337,WI
110,Andrea,Boone,11/19/1980,***-**-1089,CO
68,Charles,Alvarez,8/22/1961,***-**-5142,MT
14,Jeff,Garner,8/22/1961,***-**-2191,MA
200,Natalie,Williams,12/19/1976,***-**-2753,MA
62,Tracy,King,12/19/1976,***-**-0822,NC
263,Michael,Huang,6/17/1961,***-**-6162,SC
257,Ray,Miller,6/17/1961,***-**-5774,CA
61,Tracey,Powers,4/16/1971,***-**-5107,WY
107,Alexander,Moore,4/16/1971,***-**-4136,HI
322,Lisa,Fisher,12/7/1973,***-**-4670,NM
2,Tamara,Gentry,12/7/1973,***-**-7430,SC
81,Christopher,Fitzgerald,3/20/1992,***-**-7096,MA
337,Jose,Olson,3/20/1992,***-**-7256,PA
93,Carrie,Wallace,4/5/1987,***-**-8007,GA
366,Crystal,Smith,4/5/1987,***-**-6884,NY
287,Caroline,Edwards,9/4/1978,***-**-7816,NV
66,Carol,Baker,9/4/1978,***-**-8196,OR
243,Alexandra,Ward,12/31/1970,***-**-3414,AR
603,Krystal,Townsend,12/31/1970,***-**-6839,AZ
277,Melanie,Elliott,4/11/1969,***-**-2869,MN
583,Tracey,Barajas,4/11/1969,***-**-9722,AR
268,Eric,Barker,7/31/1979,***-**-2136,GA
234,Olivia,Elliott,7/31/1979,***-**-7631,NM
320,Daniel,Reed,7/10/1974,***-**-3333,NJ
461,Roberto,Pierce,7/10/1974,***-**-9982,MO
232,Lawrence,Stewart,12/15/1976,***-**-1303,MO
13,Michael,Snow,12/15/1976,***-**-2820,KS
108,Ashley,Cruz,12/23/1968,***-**-3168,MA
216,Jesus,Hobbs,12/23/1968,***-**-2648,MS
304,Jody,Riley,11/24/1990,***-**-6681,CT
94,Joseph,Scott,11/24/1990,***-**-4445,MD
171,Eric,Sullivan,10/14/1979,***-**-8141,SC
466,Christopher,Cervantes,10/14/1979,***-**-7919,VT
498,Jennifer,Leon,12/13/1976,***-**-2413,AR
180,Victor,Fuentes,12/13/1976,***-**-5844,WA
9,Christine,Marshall,1/29/1965,***-**-6538,AL
170,Amanda,Garcia,1/29/1965,***-**-1013,NJ
172,Nancy,Holloway,3/9/1979,***-**-4965,AK
46,Kimberly,Banks,3/9/1979,***-**-7861,AZ
576,Laura,King,12/13/1985,***-**-5040,AZ
11,Robert,Mendoza,12/13/1985,***-**-0627,IA
80,Jessica,Black,6/15/1965,***-**-6296,KY
77,Cynthia,Duffy,6/15/1965,***-**-0500,NC
555,Aaron,Henry,4/4/1994,***-**-3379,MI
95,Autumn,Peterson,4/4/1994,***-**-9763,OK
595,Danielle,Murphy,6/8/1969,***-**-0413,TX
543,Deborah,Hoffman,6/8/1969,***-**-9690,MT
227,Kathy,Palmer,8/8/1980,***-**-3934,AR
572,Tim,Smith,8/8/1980,***-**-8047,NC
387,Renee,Campbell,8/14/1967,***-**-2594,MO
380,Bryan,Mcdaniel,8/14/1967,***-**-4659,FL
203,Rhonda,Flores,8/20/1965,***-**-3754,WV
636,Jonathan,Wright,8/20/1965,***-**-8490,MO
256,Sydney,King,11/27/1978,***-**-5923,FL
85,Janet,Gonzales,11/27/1978,***-**-0243,UT
520,Steve,Russell,1/1/1978,***-**-9820,WA
233,Craig,Pennington,1/1/1978,***-**-8248,ND
410,Andrew,Thomas,11/11/1971,***-**-7838,MA
485,Miguel,Woods,11/11/1971,***-**-1852,ME
630,Samuel,Anderson,2/23/1976,***-**-9480,SC
295,Cynthia,Clarke,2/23/1976,***-**-8148,MA
487,Adam,Mcgrath,9/5/1964,***-**-3185,AK
616,Courtney,Oconnell,9/5/1964,***-**-3672,SD
435,Brandon,Hudson,5/1/1989,***-**-4780,IL
349,Rachel,Lewis,5/1/1989,***-**-5213,GA
557,Manuel,Rodriguez,11/16/1962,***-**-0042,WA
425,Gregory,Wilkinson,11/16/1962,***-**-6395,NC
273,Donna,Lopez,6/3/1994,***-**-6360,NH
69,David,Scott,6/3/1994,***-**-0749,MS
571,Gregory,Maxwell,11/11/1981,***-**-7057,NV
169,Daniel,Wilkins,11/11/1981,***-**-4870,MS
495,Jonathan,Henry,9/22/1975,***-**-2026,MT
350,Heather,Shepherd,9/22/1975,***-**-2527,WA
395,Cindy,Munoz,10/10/1980,***-**-0435,NH
75,Dalton,Bowman,10/10/1980,***-**-8792,ME
244,Jon,Clark,1/24/1959,***-**-8771,TN
509,Amber,Meyer,1/24/1959,***-**-5604,LA
339,Steven,Madden,9/19/1977,***-**-9767,IN
534,Victoria,Lewis,9/19/1977,***-**-6283,WA
419,Karl,Dudley,3/14/1986,***-**-6649,TX
386,Alicia,Stone,3/14/1986,***-**-8324,CO
328,Max,Mckay,8/7/1965,***-**-4918,SC
612,Richard,Brown,8/7/1965,***-**-0117,MT
502,Heather,Case,4/20/1991,***-**-1698,AR
390,Amy,Gonzalez,4/20/1991,***-**-2150,UT
404,Brandon,Armstrong,4/13/1986,***-**-5658,AZ
159,Terrance,Ewing,4/13/1986,***-**-5340,VA
115,Jessica,Boyd,4/20/1988,***-**-9784,VA
422,Corey,Taylor,4/20/1988,***-**-4578,MS
250,Frank,Blankenship,9/1/1986,***-**-3591,MS
638,Monica,Montgomery,9/1/1986,***-**-3158,MS
414,Tammy,Patrick,2/23/1991,***-**-7381,NM
127,Corey,Sawyer,2/23/1991,***-**-9114,DE
440,Linda,Anthony,6/2/1974,***-**-7298,SD
594,Travis,Patrick,6/2/1974,***-**-7968,TN
114,Linda,Davis,1/19/1975,***-**-0620,CT
109,Anthony,Adams,1/19/1975,***-**-1396,VT
515,Christopher,Johnson,12/8/1982,***-**-5547,CT
31,Tracy,Austin,12/8/1982,***-**-1904,RI
605,Matthew,Woodward,11/15/1979,***-**-6667,ID
421,Donna,Cole,11/15/1979,***-**-3401,NY
536,Alexis,Allen,9/3/1993,***-**-6449,TN
267,Stephen,Parker,9/3/1993,***-**-9288,CO
210,Nicole,Johnson,1/12/1972,***-**-0265,PA
560,Daniel,Green,1/12/1972,***-**-7915,AK
302,Dylan,Adams,4/20/1979,***-**-4597,CO
640,Jason,Davis,4/20/1979,***-**-5627,LA
449,Jennifer,Conrad,12/1/1981,***-**-2874,WY
202,Stephen,Dawson,12/1/1981,***-**-5741,AZ
168,Douglas,Smith,5/22/1990,***-**-9028,MA
119,Diane,Gray,5/22/1990,***-**-1654,HI
613,Benjamin,Gordon,12/14/1970,***-**-3940,CO
473,Stephanie,Miller,12/14/1970,***-**-8885,LA
615,Lynn,Stout,1/25/1971,***-**-6531,ME
10,Malik,Scott,1/25/1971,***-**-4261,ID
86,David,Brown,4/10/1971,***-**-5706,OK
500,Nathan,Jenkins,4/10/1971,***-**-6468,WI
38,Maria,Bryant,12/27/1984,***-**-3505,MA
633,Michael,Griffin,12/27/1984,***-**-4120,WA
530,Nathan,Smith,2/13/1988,***-**-9334,CA
177,James,Jackson,2/13/1988,***-**-4595,CA
266,Erika,Jones,5/13/1971,***-**-1552,AL
4,Stephanie,Leon,5/13/1971,***-**-0580,DE
12,Anthony,Walker,2/7/1980,***-**-5284,RI
477,Richard,Brooks,2/7/1980,***-**-5295,KY
575,Matthew,Bishop,8/18/1967,***-**-9588,NJ
37,Anthony,Thompson,8/18/1967,***-**-1051,MA
360,Justin,Garcia,4/17/1990,***-**-6120,NC
134,Miguel,Garcia,4/17/1990,***-**-5477,OH
416,Jeffrey,Randolph,11/8/1990,***-**-2699,IN
45,Raymond,Tran,11/8/1990,***-**-8575,FL
441,Brandon,Webb,2/1/1959,***-**-8353,UT
323,Brandon,Petersen,2/1/1959,***-**-1657,TN
58,Bryce,Ball,3/18/1983,***-**-1674,AZ
639,Blake,Watkins,3/18/1983,***-**-0572,NC
484,Gregory,Morales,8/30/1969,***-**-5605,CO
50,Alyssa,Wall,8/30/1969,***-**-2643,WA
533,Cynthia,Garcia,5/14/1990,***-**-2024,ID
611,Amber,Williams,5/14/1990,***-**-7515,NM
563,Steve,Stark,3/26/1971,***-**-7390,MI
562,Charles,Baird,3/26/1971,***-**-2710,FL
559,Mackenzie,Hall,10/22/1993,***-**-6862,AL
481,Aaron,King,10/22/1993,***-**-8792,SD
195,Joshua,Perez,5/22/1985,***-**-1226,GA
186,Alexander,Valdez,5/22/1985,***-**-7833,ND
160,Ashley,Santos,10/9/1966,***-**-4884,AL
143,Joshua,Stephens,10/9/1966,***-**-9528,VT
492,Steven,Long,1/9/1992,***-**-4594,TX
6,Jack,Jackson,1/9/1992,***-**-4734,NY
88,Roberto,Leonard,8/29/1973,***-**-8779,MA
161,Michael,Park,8/29/1973,***-**-4033,NM
83,Carl,Reeves,9/19/1969,***-**-8325,LA
254,Paul,Lee,9/19/1969,***-**-7697,IN
464,Kathryn,Ramirez,9/14/1988,***-**-0099,OH
284,Daniel,Medina,9/14/1988,***-**-8215,MS
25,Jesse,Gomez,12/29/1989,***-**-3664,SC
218,Brandon,Good,12/29/1989,***-**-5586,VA
99,Sandra,Suarez,4/2/1992,***-**-7890,GA
356,Jeffrey,Stevenson,4/2/1992,***-**-3851,CT
317,Richard,Mcdonald,11/6/1976,***-**-8008,ND
229,Joanna,Castillo,11/6/1976,***-**-1576,IN
581,Angelica,Reyes,3/28/1986,***-**-7139,AR
452,Jennifer,Wright,3/28/1986,***-**-3901,NM
518,James,Porter,6/27/1966,***-**-1319,CA
479,Krystal,Brown,6/27/1966,***-**-8909,TX
245,Christopher,Reyes,11/27/1978,***-**-4713,IN
653,Luis,Lewis,11/27/1978,***-**-3601,HI
19,Lynn,Owens,3/9/1973,***-**-8776,RI
650,Anthony,Phillips,3/9/1973,***-**-3754,NJ
137,Jessica,Mcdonald,6/11/1962,***-**-2911,MS
619,Michelle,Allen,6/11/1962,***-**-8147,TN
654,Victor,Webb,10/22/1958,***-**-2267,TN
201,Martin,Melton,10/22/1958,***-**-7978,NY
165,Pamela,Miles,1/14/1982,***-**-5312,NC
310,Christopher,Compton,1/14/1982,***-**-6855,SC
141,Annette,Rice,9/25/1977,***-**-1866,FL
600,Travis,Meza,9/25/1977,***-**-4313,NJ
529,Brian,Baker,11/26/1985,***-**-2839,IL
369,Sharon,Lee,11/26/1985,***-**-7596,DE
32,Brian,Sparks,10/19/1980,***-**-8194,HI
522,Dana,Ryan,10/19/1980,***-**-3761,VA
651,Maria,Stevens,7/17/1981,***-**-9113,CA
608,Julia,Berry,7/17/1981,***-**-3759,NH
336,Sarah,Williams,6/16/1974,***-**-3882,IA
516,Trevor,Short,6/16/1974,***-**-2488,ND
514,Michael,Johnson,11/15/1992,***-**-6015,ME
426,Louis,Cross,11/15/1992,***-**-7111,CO
497,Ryan,Smith,10/30/1983,***-**-2228,OK
468,Joan,Carter,10/30/1983,***-**-8092,KY
24,Karen,Franklin,1/29/1961,***-**-4888,VT
221,Christian,Palmer,1/29/1961,***-**-6104,AL
217,Kristopher,Smith,7/23/1964,***-**-3545,HI
399,Cheryl,Velez,7/23/1964,***-**-3300,TN
285,Jeffrey,Harris,5/9/1988,***-**-9625,MS
21,Jamie,Doyle,5/9/1988,***-**-1529,NV
447,Adam,Sims,4/2/1969,***-**-6337,ID
601,Joshua,Griffith,4/2/1969,***-**-3344,HI
378,Donald,Koch,12/4/1988,***-**-5788,CT
548,Wendy,Leonard,12/4/1988,***-**-7962,HI
42,Dana,Hubbard,6/14/1988,***-**-4700,FL
344,Brett,Carson,6/14/1988,***-**-5338,OK
252,Erica,Peters,3/27/1985,***-**-0341,SC
428,William,Carter,3/27/1985,***-**-1954,VT
220,Karen,Taylor,9/20/1966,***-**-6243,AZ
118,Virginia,Cobb,9/20/1966,***-**-9307,MI
618,Tamara,Watson,9/5/1957,***-**-6329,NJ
370,John,Middleton,9/5/1957,***-**-7354,OR
23,Alex,Cruz,10/17/1986,***-**-4744,CT
511,Theresa,Crawford,10/17/1986,***-**-9276,IL
43,Glenn,Chavez,7/16/1960,***-**-5246,NE
311,Carrie,Davis,7/16/1960,***-**-7399,WI
136,Michael,Haynes,8/24/1979,***-**-3346,NE
72,Michele,Arellano,8/24/1979,***-**-5875,IN
65,Gina,Stevens,2/27/1976,***-**-2359,PA
577,Elizabeth,Hatfield,2/27/1976,***-**-7821,NM
35,Michael,Reyes,2/25/1986,***-**-1842,FL
296,Spencer,Wilson,2/25/1986,***-**-7753,IN
578,Kevin,Smith,6/11/1965,***-**-8582,IN
98,Steven,Giles,6/11/1965,***-**-2061,VA
569,Mario,Butler,2/13/1981,***-**-3035,MA
248,Billy,Romero,2/13/1981,***-**-3100,VT
433,Katie,Miller,2/18/1964,***-**-7579,MA
307,William,Salinas,2/18/1964,***-**-6013,MO
398,Kendra,Alvarado,12/1/1985,***-**-0633,CA
60,Kimberly,Wright,12/1/1985,***-**-9022,OH
282,Judy,Nelson,8/19/1980,***-**-2012,NV
436,Alexandra,Golden,8/19/1980,***-**-3418,ND
318,Patricia,Park,1/7/1992,***-**-5775,CO
494,Kylie,Chavez,1/7/1992,***-**-3816,CT
644,Randy,Edwards,7/16/1977,***-**-9087,OR
413,Glenda,Hebert,7/16/1977,***-**-7625,NY
345,Erin,Garrett,2/4/1970,***-**-5815,SD
123,Donna,Floyd,2/4/1970,***-**-1819,SD
208,Brandon,Watson,8/16/1965,***-**-3375,PA
346,Paul,Patterson,8/16/1965,***-**-4729,PA
385,Hannah,Henderson,2/8/1971,***-**-5897,PA
454,Autumn,Smith,2/8/1971,***-**-7279,CA
209,Steven,Contreras,3/26/1957,***-**-6852,DE
271,Miguel,Russell,3/26/1957,***-**-0302,UT
152,Kim,Martin,9/13/1992,***-**-3452,SC
283,Heidi,Proctor,9/13/1992,***-**-9545,OH
592,Nicholas,May,4/26/1967,***-**-8728,KS
469,Michael,Nunez,4/26/1967,***-**-9379,WV
306,Gregory,Bowen,5/19/1969,***-**-1510,OH
237,Jennifer,Juarez,5/19/1969,***-**-9009,OK
457,April,Williamson,11/3/1982,***-**-8318,KS
293,Francisco,Smith,11/3/1982,***-**-1836,ND
374,Roger,Taylor,1/31/1989,***-**-6293,GA
276,Gabriela,Williams,1/31/1989,***-**-5792,AZ
112,Stephanie,Pittman,1/22/1986,***-**-0840,MD
333,Sarah,Porter,1/22/1986,***-**-3997,AZ
546,Ernest,Cooper,5/27/1973,***-**-2003,NJ
496,Alexandra,Fisher,5/27/1973,***-**-2206,AK
504,Henry,Turner,5/11/1988,***-**-7954,OK
126,Charles,Rogers,5/11/1988,***-**-8407,NV
418,Keith,Lynch,3/7/1990,***-**-4803,IA
566,Lindsay,Bowman,3/7/1990,***-**-8895,AL
249,Jennifer,Lutz,1/13/1976,***-**-2943,RI
624,Mark,Mills,1/13/1976,***-**-7406,AR
358,Dawn,Thomas,11/10/1983,***-**-0942,NC
197,Keith,Tyler,11/10/1983,***-**-7953,MO
538,Joseph,Smith,9/30/1965,***-**-3836,LA
164,Michael,Dudley,9/30/1965,***-**-3459,SD
450,Blake,Bowman,2/25/1979,***-**-8076,ND
602,Amy,Graves,2/25/1979,***-**-9448,SC
239,Robert,Hill,4/21/1974,***-**-8902,AR
627,Robert,Davis,4/21/1974,***-**-5405,MD
459,Tammy,Horton,4/30/1961,***-**-0677,RI
394,Allison,Watkins,4/30/1961,***-**-1605,NV
554,James,Mathis,9/24/1986,***-**-3276,IA
90,Sabrina,Shelton,9/24/1986,***-**-2668,ID
364,Rachel,Coleman,4/27/1982,***-**-7638,SD
574,William,Cantrell,4/27/1982,***-**-4706,CA
607,Donna,Carroll,4/3/1977,***-**-9127,MA
157,Tammy,Harris,4/3/1977,***-**-8283,OH
241,Debra,Pena,6/4/1994,***-**-9872,MN
558,James,Reilly,6/4/1994,***-**-7935,SD
324,Robert,Krause,7/1/1983,***-**-5246,NM
183,Chad,Crawford,7/1/1983,***-**-0638,IL
381,Luke,Huerta,11/8/1970,***-**-5912,MI
505,Corey,Long,11/8/1970,***-**-9787,MO
437,Joshua,Flores,11/4/1981,***-**-5727,NE
135,Jeffery,Collins,11/4/1981,***-**-4791,KY
27,Michael,Clements,9/11/1967,***-**-6223,NC
48,Christopher,Williams,9/11/1967,***-**-6535,HI
286,Laura,Mata,2/17/1993,***-**-5794,AL
308,Jessica,Campbell,2/17/1993,***-**-2121,FL
163,Kristy,Hebert,3/27/1964,***-**-9892,WA
275,Rachel,Silva,3/27/1964,***-**-3474,ND
521,Tyrone,Dean,8/11/1968,***-**-5932,VA
53,Angela,White,8/11/1968,***-**-2921,ME
539,Teresa,Bell,6/7/1984,***-**-1580,IN
482,Edwin,Williams,6/7/1984,***-**-6206,PA
342,Hannah,Hicks,7/5/1969,***-**-9383,LA
150,Kevin,Rivera,7/5/1969,***-**-8418,DE
448,Trevor,Jones,4/7/1983,***-**-5747,OR
604,Emily,Silva,4/7/1983,***-**-5242,MN
154,Emma,Thomas,12/26/1970,***-**-2668,ND
591,Lisa,Myers,12/26/1970,***-**-7446,WI
196,Jennifer,King,6/7/1986,***-**-2581,MD
507,Dylan,Walker,6/7/1986,***-**-4143,GA
409,Andrea,Snyder,5/7/1967,***-**-3882,KY
629,Samuel,Lane,5/7/1967,***-**-2267,OK
305,Jennifer,Cameron,1/20/1976,***-**-7541,OR
297,Rodney,Cross,1/20/1976,***-**-4949,NE
133,Dustin,Brown,2/5/1983,***-**-3364,OR
125,Krista,Mack,2/5/1983,***-**-0563,SD
106,Luis,Ruiz,2/1/1993,***-**-4894,NV
335,Cassandra,Johnson,2/1/1993,***-**-0203,AL
648,Ruth,Nichols,12/21/1978,***-**-7608,NE
332,Pamela,Dean,12/21/1978,***-**-3302,CT
175,Beth,Lee,6/14/1971,***-**-1371,MN
104,Christopher,Martin,6/14/1971,***-**-9812,WY
314,Amanda,Johnson,11/17/1969,***-**-7153,MA
551,Joseph,Barnett,11/17/1969,***-**-1644,OR
124,Maria,Burns,2/14/1990,***-**-9488,WV
8,Kevin,Riley,2/14/1990,***-**-5605,WV
251,Brian,Reyes,3/9/1968,***-**-0510,WV
643,Jeffrey,Robinson,3/9/1968,***-**-6490,MO
238,David,Gardner,4/28/1976,***-**-8396,FL
303,Tracey,Downs,4/28/1976,***-**-4596,NM
519,Cody,Ramirez,7/5/1992,***-**-7950,LA
178,Heather,Gray,7/5/1992,***-**-6848,KS
458,Erika,Lewis,1/5/1977,***-**-9111,CO
207,Ronald,Maynard,1/5/1977,***-**-9020,KY
598,Ashley,Saunders,4/3/1987,***-**-5309,GA
352,Paul,Kaufman,4/3/1987,***-**-0964,IA
645,Nathan,Rosario,4/19/1992,***-**-5027,NY
146,Melissa,Nguyen,4/19/1992,***-**-1193,MN
51,Mitchell,Gill,1/20/1991,***-**-7598,KY
512,Michael,Shaw,1/20/1991,***-**-8249,OR
467,Crystal,Jones,2/7/1966,***-**-8160,MD
179,Jasmine,Harrison,2/7/1966,***-**-0602,WV
54,Chase,Grant,4/30/1991,***-**-1229,KS
570,Shawn,Kidd,4/30/1991,***-**-4240,MN
527,Chris,Robinson,10/20/1959,***-**-1013,SC
288,Carla,Smith,10/20/1959,***-**-6182,AL
382,Kimberly,Burns,8/1/1959,***-**-5610,CA
408,Lori,Sullivan,8/1/1959,***-**-4062,NY
147,Jennifer,Williams,12/27/1973,***-**-7025,ME
198,John,Lamb,12/27/1973,***-**-1494,CO
194,Joanne,Lamb,5/15/1990,***-**-6922,LA
206,David,Brown,5/15/1990,***-**-4274,DE
76,Scott,Leach,6/21/1976,***-**-5144,AR
432,Andrew,Tyler,6/21/1976,***-**-3511,IA
